id,name,is_main_series,generation_introduced,description,short_description
1,stench,1,generation-iii,"This Pokémon's damaging moves have a 10% chance to make the target flinch with each hit if they do not already cause flinching as a secondary effect.

This ability does not stack with a held item.

Overworld: The wild encounter rate is halved while this Pokémon is first in the party.",Has a 10% chance of making target Pokémon flinch with each hit.
2,drizzle,1,generation-iii,"The weather changes to rain when this Pokémon enters battle and does not end unless replaced by another weather condition.

If multiple Pokémon with this ability, drought, sand stream, or snow warning are sent out at the same time, the abilities will activate in order of Speed, respecting trick room.  Each ability's weather will cancel the previous weather, and only the weather summoned by the slowest of the Pokémon will stay.",Summons rain that lasts indefinitely upon entering battle.
3,speed-boost,1,generation-iii,This Pokémon's Speed rises one stage after each turn.,Raises Speed one stage after each turn.
4,battle-armor,1,generation-iii,"Moves cannot score critical hits against this Pokémon.

This ability functions identically to shell armor.",Protects against critical hits.
5,sturdy,1,generation-iii,"When this Pokémon is at full HP, any hit that would knock it out will instead leave it with 1 HP.  Regardless of its current HP, it is also immune to the one-hit KO moves: fissure, guillotine, horn drill, and sheer cold.

If this Pokémon is holding a focus sash, this ability takes precedence and the item will not be consumed.","Prevents being KOed from full HP, leaving 1 HP instead.  Protects against the one-hit KO moves regardless of HP."
6,damp,1,generation-iii,"While this Pokémon is in battle, self destruct and explosion will fail and aftermath will not take effect.","Prevents self destruct, explosion, and aftermath from working while the Pokémon is in battle."
7,limber,1,generation-iii,"This Pokémon cannot be paralyzed.

If a Pokémon is paralyzed and acquires this ability, its paralysis is healed; this includes when regaining a lost ability upon leaving battle.",Prevents paralysis.
8,sand-veil,1,generation-iii,"During a sandstorm, this Pokémon has 1.25× its evasion, and it does not take sandstorm damage regardless of type.

The evasion bonus does not count as a stat modifier.

Overworld: If the lead Pokémon has this ability, the wild encounter rate is halved in a sandstorm.",Increases evasion to 1.25× during a sandstorm.  Protects against sandstorm damage.
9,static,1,generation-iii,"Whenever a move makes contact with this Pokémon, the move's user has a 30% chance of being paralyzed.

Pokémon that are immune to electric-type moves can still be paralyzed by this ability.

Overworld: If the lead Pokémon has this ability, there is a 50% chance that encounters will be with an electric Pokémon, if applicable.",Has a 30% chance of paralyzing attacking Pokémon on contact.
10,volt-absorb,1,generation-iii,"Whenever an electric-type move hits this Pokémon, it heals for 1/4 of its maximum HP, negating any other effect on it.

This ability will not take effect if this Pokémon is ground-type and thus immune to Electric moves.  Electric moves will ignore this Pokémon's substitute.

This effect includes non-damaging moves, i.e. thunder wave.","Absorbs electric moves, healing for 1/4 max HP."
11,water-absorb,1,generation-iii,"Whenever a water-type move hits this Pokémon, it heals for 1/4 of its maximum HP, negating any other effect on it.

Water moves will ignore this Pokémon's substitute.","Absorbs water moves, healing for 1/4 max HP."
12,oblivious,1,generation-iii,"This Pokémon cannot be infatuated and is immune to captivate.

If a Pokémon is infatuated and acquires this ability, its infatuation is cleared.",Prevents infatuation and protects against captivate.
13,cloud-nine,1,generation-iii,"While this Pokémon is in battle, weather can still be in play, but will not have any of its effects.

This ability functions identically to air lock.","Negates all effects of weather, but does not prevent the weather itself."
14,compound-eyes,1,generation-iii,"This Pokémon's moves have 1.3× their accuracy.

This ability has no effect on the one-hit KO moves (fissure, guillotine, horn drill, and sheer cold).

Overworld: If the first Pokémon in the party has this ability, the chance of a wild Pokémon holding a particular item is raised from 50%, 5%, or 1% to 60%, 20%, or 5%, respectively.",Increases moves' accuracy to 1.3×.
15,insomnia,1,generation-iii,"This Pokémon cannot be asleep.

This causes rest to fail altogether.  If a Pokémon is asleep and acquires this ability, it will immediately wake up; this includes when regaining a lost ability upon leaving battle.

This ability functions identically to vital spirit in battle.",Prevents sleep.
16,color-change,1,generation-iii,"Whenever this Pokémon takes damage from a move, the Pokémon's type changes to match the move.

If the Pokémon has two types, both are overridden.  The Pokémon must directly take damage; for example, moves blocked by a substitute will not trigger this ability, nor will moves that deal damage indirectly, such as spikes.

This ability takes effect on only the last hit of a multiple-hit attack.

In Pokémon Colosseum and XD: Gale of Darkness, this ability does not take effect on Shadow-type moves.",Changes type to match when hit by a damaging move.
17,immunity,1,generation-iii,"This Pokémon cannot be poisoned.  This includes bad poison.

If a Pokémon is poisoned and acquires this ability, its poison is healed; this includes when regaining a lost ability upon leaving battle.",Prevents poison.
18,flash-fire,1,generation-iii,"This Pokémon is immune to fire-type moves.  Once this Pokémon has been hit by a Fire move, its own Fire moves will inflict 1.5× as much damage until it leaves battle.

This ability has no effect while the Pokémon is frozen.  The Fire damage bonus is retained even if the Pokémon is frozen and thawed or the ability is lost or disabled.  Fire moves will ignore this Pokémon's substitute.  This ability takes effect even on non-damaging moves, i.e. will o wisp.","Protects against fire moves.  Once one has been blocked, the Pokémon's own Fire moves inflict 1.5× damage until it leaves battle."
19,shield-dust,1,generation-iii,"This Pokémon is immune to the extra effects of moves used against it.

An extra effect is a move's chance, listed as an ""effect chance"", to inflict a status ailment, cause a stat change, or make the target flinch in addition to the move's main effect.  For example, thunder shock's paralysis is an extra effect, but thunder wave's is not, nor are knock off's item removal and air cutter's increased critical hit rate.",Protects against incoming moves' extra effects.
20,own-tempo,1,generation-iii,"This Pokémon cannot be confused.

If a Pokémon is confused and acquires this ability, its confusion will immediately be healed.",Prevents confusion.
21,suction-cups,1,generation-iii,"This Pokémon cannot be forced out of battle by moves such as whirlwind.

dragon tail and circle throw still inflict damage against this Pokémon.

Overworld: If the lead Pokémon has this ability, the success rate while fishing is increased.",Prevents being forced out of battle by other Pokémon's moves.
22,intimidate,1,generation-iii,"When this Pokémon enters battle, the opponent's Attack is lowered by one stage.  In a double battle, both opponents are affected.

This ability also takes effect when acquired during a battle, but will not take effect again if lost and reobtained without leaving battle.

This ability has no effect on an opponent that has a substitute.

Overworld: If the first Pokémon in the party has this ability, any random encounter with a Pokémon five or more levels lower than it has a 50% chance of being skipped.",Lowers opponents' Attack one stage upon entering battle.
23,shadow-tag,1,generation-iii,"While this Pokémon is in battle, opposing Pokémon cannot flee or switch out.

Other Pokémon with this ability are unaffected.  Pokémon with run away can still flee.  Pokémon can still switch out with the use of a move or item.",Prevents opponents from fleeing or switching out.
24,rough-skin,1,generation-iii,"Whenever a move makes contact with this Pokémon, the move's user takes 1/8 of its maximum HP in damage.

This ability functions identically to iron barbs.",Damages attacking Pokémon for 1/8 their max HP on contact.
25,wonder-guard,1,generation-iii,"This Pokémon is immune to damaging moves that are not super effective against it.

Moves that inflict fixed damage, such as night shade or seismic toss, are considered super effective if their types are.  Damage not directly dealt by moves, such as damage from weather, a status ailment, or spikes, is not prevented.

This ability cannot be copied with role play or traded away with skill swap, but it can be copied with trace, disabled with gastro acid, or changed with worry seed.  This Pokémon can still use Role Play itself to lose this ability, but not Skill Swap.

If this Pokémon has a substitute, this ability will block moves as usual and any moves not blocked will react to the Substitute as usual.",Protects against damaging moves that are not super effective.
26,levitate,1,generation-iii,"This Pokémon is immune to ground-type moves, spikes, toxic spikes, and arena trap.

This ability is disabled during gravity or ingrain, or while holding an iron ball.  This ability is not disabled during roost.",Evades ground moves.
27,effect-spore,1,generation-iii,"Whenever a move makes contact with this Pokémon, the move's user has a 30% chance of being paralyzed, poisoned, or put to sleep, chosen at random.

Nothing is done to compensate if the move's user is immune to one of these ailments; there is simply a lower chance that the move's user will be affected.","Has a 30% chance of inflcting either paralysis, poison, or sleep on attacking Pokémon on contact."
28,synchronize,1,generation-iii,"Whenever this Pokémon is burned, paralyzed, or poisoned, the Pokémon who gave this Pokémon that ailment is also given the ailment.

This ability passes back bad poison when this Pokémon is badly poisoned.  This ability cannot pass on a status ailment that the Pokémon did not directly receive from another Pokémon, such as the poison from toxic spikes or the burn from a flame orb.

Overworld: If the lead Pokémon has this ability, wild Pokémon have a 50% chance of having the lead Pokémon's nature, and a 50% chance of being given a random nature as usual, including the lead Pokémon's nature.  This does not work on Pokémon received outside of battle or roaming legendaries.","Copies burns, paralysis, and poison received onto the Pokémon that inflicted them."
29,clear-body,1,generation-iii,"This Pokémon cannot have its stats lowered by other Pokémon.

This ability does not prevent any stat losses other than stat modifiers, such as the Speed cut from paralysis.  This Pokémon can still be passed negative stat modifiers through guard swap, heart swap, or power swap.

This ability functions identically to white smoke in battle.",Prevents stats from being lowered by other Pokémon.
30,natural-cure,1,generation-iii,"This Pokémon is cured of any major status ailment when it is switched out for another Pokémon.

If this ability is acquired during battle, the Pokémon is cured upon leaving battle before losing the temporary ability.",Cures any major status ailment upon switching out.
31,lightning-rod,1,generation-iii,"All other Pokémon's single-target electric-type moves are redirected to this Pokémon if it is an eligible target.  Other Pokémon's Electric moves raise this Pokémon's Special Attack one stage, negating any other effect on it, and cannot miss it.

If the move's intended target also has this ability, the move is not redirected.  When multiple Pokémon with this ability are possible targets for redirection, the move is redirected to the one with the highest Speed stat, or, in the case of a tie, to a random tied Pokémon.  follow me takes precedence over this ability.

If the Pokémon is a ground-type and thus immune to Electric moves, its immunity prevents the Special Attack boost.","Redirects single-target electric moves to this Pokémon where possible.  Absorbs Electric moves, raising Special Attack one stage."
32,serene-grace,1,generation-iii,"This Pokémon's moves have twice their usual effect chance.

An effect chance is a move's chance to inflict a status ailment, cause a stat change, or make the target flinch in addition to the move's main effect.  For example, flamethrower's chance of burning the target is doubled, but protect's chance of success and air cutter's increased critical hit rate are unaffected.

secret power is unaffected.",Doubles the chance of moves' extra effects occurring.
33,swift-swim,1,generation-iii,"This Pokémon's Speed is doubled during rain.

This bonus does not count as a stat modifier.",Doubles Speed during rain.
34,chlorophyll,1,generation-iii,"This Pokémon's Speed is doubled during strong sunlight.

This bonus does not count as a stat modifier.",Doubles Speed during strong sunlight.
35,illuminate,1,generation-iii,"Overworld: If the lead Pokémon has this ability, the wild encounter rate is doubled.

This ability has no effect in battle.",Doubles the wild encounter rate.
36,trace,1,generation-iii,"When this Pokémon enters battle, it copies a random opponent's ability.

This ability cannot copy flower gift, forecast, illusion, imposter, multitype, trace, wonder guard, or zen mode.",Copies an opponent's ability upon entering battle.
37,huge-power,1,generation-iii,"This Pokémon's Attack is doubled while in battle.

This bonus does not count as a stat modifier.

This ability functions identically to pure power.",Doubles Attack in battle.
38,poison-point,1,generation-iii,"Whenever a move makes contact with this Pokémon, the move's user has a 30% chance of being poisoned.",Has a 30% chance of poisoning attacking Pokémon on contact.
39,inner-focus,1,generation-iii,This Pokémon cannot flinch.,Prevents flinching.
40,magma-armor,1,generation-iii,"This Pokémon cannot be frozen.

If a Pokémon is frozen and acquires this ability, it will immediately thaw out; this includes when regaining a lost ability upon leaving battle.

Overworld: If any Pokémon in the party has this ability, each egg in the party has its hatch counter decreased by 2 (rather than 1) each step cycle, making eggs hatch roughly twice as quickly.  This effect does not stack if multiple Pokémon have this ability or flame body.",Prevents freezing.
41,water-veil,1,generation-iii,"This Pokémon cannot be burned.

If a Pokémon is burned and acquires this ability, its burn is healed; this includes when regaining a lost ability upon leaving battle.",Prevents burns.
42,magnet-pull,1,generation-iii,"While this Pokémon is in battle, opposing steel-type Pokémon cannot flee or switch out.

Pokémon with run away can still flee.  Pokémon can still switch out with the use of a move or item.

Overworld: If the lead Pokémon has this ability, Steel-type Pokémon have a higher encounter rate.",Prevents steel opponents from fleeing or switching out.
43,soundproof,1,generation-iii,"This Pokémon is immune to moves flagged as being sound-based.

heal bell is unaffected.  uproar still prevents this Pokémon from sleeping.  This Pokémon can still receive a Perish Song counter through baton pass, and will retain a Perish Song counter if it acquires this ability after Perish Song is used.

howl, roar of time, sonic boom, and yawn are not flagged as sound-based.",Protects against sound-based moves.
44,rain-dish,1,generation-iii,This Pokémon heals for 1/16 of its maximum HP after each turn during rain.,Heals for 1/16 max HP after each turn during rain.
45,sand-stream,1,generation-iii,"The weather changes to a sandstorm when this Pokémon enters battle and does not end unless cancelled by another weather condition.

If multiple Pokémon with this ability, drizzle, drought, or snow warning are sent out at the same time, the abilities will activate in order of Speed, respecting trick room.  Each ability's weather will cancel the previous weather, and only the weather summoned by the slowest of the Pokémon will stay.

Overworld: If the lead Pokémon has this ability, the wild encounter rate is halved in a sandstorm.",Summons a sandstorm that lasts indefinitely upon entering battle.
46,pressure,1,generation-iii,"Moves targetting this Pokémon use one extra PP.

This ability stacks if multiple targets have it.  This ability still affects moves that fail or miss.  This ability does not affect ally moves that target either the entire field or just its side, nor this Pokémon's self-targetted moves; it does, however, affect single-targetted ally moves aimed at this Pokémon, ally moves that target all other Pokémon, and opponents' moves that target the entire field.  If this ability raises a move's PP cost above its remaining PP, it will use all remaining PP.

When this Pokémon enters battle, all participating trainers are notified that it has this ability.

Overworld: If the lead Pokémon has this ability, higher-levelled Pokémon have their encounter rate increased.",Increases the PP cost of moves targetting the Pokémon by one.
47,thick-fat,1,generation-iii,This Pokémon takes half as much damage from fire- and ice-type moves.,Halves damage from fire and ice moves.
48,early-bird,1,generation-iii,"This Pokémon's remaining sleep turn count falls by 2 rather than 1.

If this Pokémon's sleep counter is at 1, it will fall to 0 and then the Pokémon will wake up.",Makes sleep pass twice as quickly.
49,flame-body,1,generation-iii,"Whenever a move makes contact with this Pokémon, the move's user has a 30% chance of being burned.

Overworld: If any Pokémon in the party has this ability, each egg in the party has its hatch counter decreased by 2 (rather than 1) each step cycle, making eggs hatch roughly twice as quickly.  This effect does not stack if multiple Pokémon have this ability or magma armor.",Has a 30% chance of burning attacking Pokémon on contact.
50,run-away,1,generation-iii,"This Pokémon is always successful fleeing from wild battles, even if trapped by a move or ability.",Ensures success fleeing from wild battles.
51,keen-eye,1,generation-iii,"This Pokémon cannot have its accuracy lowered.

This ability does not prevent any accuracy losses other than stat modifiers, such as the accuracy cut from fog; nor does it prevent other Pokémon's evasion from making this Pokémon's moves less accurate.  This Pokémon can still be passed negative accuracy modifiers through heart swap.

Overworld: If the first Pokémon in the party has this ability, any random encounter with a Pokémon five or more levels lower than it has a 50% chance of being skipped.",Prevents accuracy from being lowered.
52,hyper-cutter,1,generation-iii,"This Pokémon's Attack cannot be lowered by other Pokémon.

This ability does not prevent any Attack losses other than stat modifiers, such as the Attack cut from a burn.  This Pokémon can still be passed negative Attack modifiers through heart swap or power swap.",Prevents Attack from being lowered by other Pokémon.
53,pickup,1,generation-iii,"At the end of each turn, if another Pokémon consumed or Flung a held item that turn, this Pokémon picks up the item if it is not already holding one.  After each battle, this Pokémon has a 10% chance of picking up an item if it is not already holding one.

The air balloon and eject button cannot be picked up.

The items that may be found vary by game, and, since Pokémon Emerald, by the Pokémon's level.  This ability is checked after the battle ends, at which point any temporary ability changes have worn off.",Picks up other Pokémon's used and Flung held items.  May also pick up an item after battle.
54,truant,1,generation-iii,"Every second turn on which this Pokémon should attempt to use a move, it will instead do nothing (""loaf around"").

Loafing around interrupts moves that take multiple turns the same way paralysis, flinching, etc do.  Most such moves, for example bide or rollout, are simply cut off upon loafing around.  Attacks with a recharge turn, such as hyper beam, do not have to recharge; attacks with a preparation turn, such as fly, do not end up being used.  Moves that are forced over multiple turns and keep going through failure, such as outrage, uproar, or any move forced by encore, keep going as usual.

If this Pokémon is confused, its confusion is not checked when loafing around; the Pokémon cannot hurt itself, and its confusion does not end or come closer to ending.

If this Pokémon attempts to move but fails, e.g. because of paralysis or gravity, it still counts as having moved and will loaf around the next turn.  If it does not attempt to move, e.g. because it is asleep or frozen, whatever it would have done will be postponed until its next attempt; that is, it will either loaf around or move as usual, depending on what it last did.

This ability cannot be changed with worry seed, but it can be disabled with gastro acid, changed with role play, or traded away with skill swap.",Skips every second turn.
55,hustle,1,generation-iii,"This Pokémon's physical moves do 1.5× as much regular damage, but have 0.8× their usual accuracy.

Special moves are unaffected.  Moves that do set damage, such as seismic toss, have their accuracy affected, but not their damage.

Overworld: If the lead Pokémon has this ability, higher-levelled Pokémon have their encounter rate increased.","Strengthens physical moves to inflict 1.5× damage, but decreases their accuracy to 0.8×."
56,cute-charm,1,generation-iii,"Whenever a move makes contact with this Pokémon, the move's user has a 30% chance of being infatuated.

Overworld: If the first Pokémon in the party has this ability, any wild Pokémon whose species can be either gender has a 2/3 chance of being set to the opposite gender, and a 1/3 chance of having a random gender as usual.",Has a 30% chance of infatuating attacking Pokémon on contact.
57,plus,1,generation-iii,"This Pokémon has 1.5× its Special Attack if any friendly Pokémon has plus or minus.

This bonus does not count as a stat modifier.  If either ability is disabled by gastro acid, both lose their effect.",Increases Special Attack to 1.5× when a friendly Pokémon has plus or minus.
58,minus,1,generation-iii,"This Pokémon has 1.5× its Special Attack if any friendly Pokémon has plus or minus.

This bonus does not count as a stat modifier.  If either ability is disabled by gastro acid, both lose their effect.",Increases Special Attack to 1.5× when a friendly Pokémon has plus or minus.
59,forecast,1,generation-iii,"During rain, strong sunlight, or hail, this Pokémon's type changes to water, fire, or ice, respectively, and its form changes to match.

This ability has no effect for any Pokémon other than castform.

If the weather ends or becomes anything that does not trigger this ability, or a Pokémon with air lock or cloud nine enters battle, this Pokémon's type and form revert to their default.  If this ability is lost or disabled, this Pokémon cannot change its current type and form until it regains its ability.",Changes castform's type and form to match the weather.
60,sticky-hold,1,generation-iii,"This Pokémon's hold item cannot be removed by other Pokémon.

Damaging moves that would remove this Pokémon's item can still inflict damage against this Pokémon, e.g. knock off or pluck.  This Pokémon can still use moves that involve the loss of its own item, e.g. fling or trick.

Overworld: If the lead Pokémon has this ability, the encounter rate while fishing is increased.",Prevents a held item from being removed by other Pokémon.
61,shed-skin,1,generation-iii,"After each turn, this Pokémon has a 33% of being cured of any major status ailment.",Has a 33% chance of curing any major status ailment after each turn.
62,guts,1,generation-iii,"Whenever this Pokémon is asleep, burned, paralyzed, or poisoned, it has 1.5× its Attack.  This Pokémon is not affected by the usual Attack cut from a burn.

This bonus does not count as a stat modifier.",Increases Attack to 1.5× with a major status ailment.
63,marvel-scale,1,generation-iii,"Whenever this Pokémon has a major status ailment, it has 1.5× its Defense.

This bonus does not count as a stat modifier.",Increases Defense to 1.5× with a major status ailment.
64,liquid-ooze,1,generation-iii,"Whenever a Pokémon would heal after hitting this Pokémon with a leeching move like absorb, it instead loses as many HP as it would usually gain.

dream eater is unaffected.",Damages opponents using leeching moves for as much as they would heal.
65,overgrow,1,generation-iii,"When this Pokémon has 1/3 or less of its HP remaining, its grass-type moves inflict 1.5× as much regular damage.",Strengthens grass moves to inflict 1.5× damage at 1/3 max HP or less.
66,blaze,1,generation-iii,"When this Pokémon has 1/3 or less of its HP remaining, its fire-type moves inflict 1.5× as much regular damage.",Strengthens fire moves to inflict 1.5× damage at 1/3 max HP or less.
67,torrent,1,generation-iii,"When this Pokémon has 1/3 or less of its HP remaining, its water-type moves inflict 1.5× as much regular damage.",Strengthens water moves to inflict 1.5× damage at 1/3 max HP or less.
68,swarm,1,generation-iii,"When this Pokémon has 1/3 or less of its HP remaining, its bug-type moves inflict 1.5× as much regular damage.

Overworld: If the lead Pokémon has this ability, the wild encounter rate is increased.",Strengthens bug moves to inflict 1.5× damage at 1/3 max HP or less.
69,rock-head,1,generation-iii,"This Pokémon does not receive recoil damage from its recoil moves.

struggle's recoil is unaffected.  This ability does not prevent crash damage from missing with jump kick or high jump kick.",Protects against recoil damage.
70,drought,1,generation-iii,"The weather changes to strong sunlight when this Pokémon enters battle and does not end unless cancelled by another weather condition.

If multiple Pokémon with this ability, drizzle, sand stream, or snow warning are sent out at the same time, the abilities will activate in order of Speed, respecting trick room.  Each ability's weather will cancel the previous weather, and only the weather summoned by the slowest of the Pokémon will stay.",Summons strong sunlight that lasts indefinitely upon entering battle.
71,arena-trap,1,generation-iii,"While this Pokémon is in battle, opposing Pokémon cannot flee or switch out.  flying-type Pokémon and Pokémon in the air, e.g. due to levitate or magnet rise, are unaffected.

Pokémon with run away can still flee.  Pokémon can still switch out with the use of a move or item.

Overworld: If the lead Pokémon has this ability, the wild encounter rate is doubled.",Prevents opponents from fleeing or switching out.  Eluded by flying-types and Pokémon in the air.
72,vital-spirit,1,generation-iii,"This Pokémon cannot be asleep.

This causes rest to fail altogether.  If a Pokémon is asleep and acquires this ability, it will immediately wake up; this includes when regaining a lost ability upon leaving battle.

This ability functions identically to insomnia in battle.

Overworld: If the lead Pokémon has this ability, higher-levelled Pokémon have their encounter rate increased.",Prevents sleep.
73,white-smoke,1,generation-iii,"This Pokémon cannot have its stats lowered by other Pokémon.

This ability does not prevent any stat losses other than stat modifiers, such as the Speed cut from paralysis; nor self-inflicted stat drops, such as the Special Attack drop from overheat; nor opponent-triggered stat boosts, such as the Attack boost from swagger.  This Pokémon can still be passed negative stat modifiers through guard swap, heart swap, or power swap.

This ability functions identically to clear body in battle.

Overworld: If the lead Pokémon has this ability, the wild encounter rate is halved.",Prevents stats from being lowered by other Pokémon.
74,pure-power,1,generation-iii,"This Pokémon's Attack is doubled in battle.

This bonus does not count as a stat modifier.

This ability functions identically to huge power.",Doubles Attack in battle.
75,shell-armor,1,generation-iii,"Moves cannot score critical hits against this Pokémon.

This ability functions identically to battle armor.",Protects against critical hits.
76,air-lock,1,generation-iii,"While this Pokémon is in battle, weather can still be in play, but will not have any of its effects.

This ability functions identically to cloud nine.","Negates all effects of weather, but does not prevent the weather itself."
77,tangled-feet,1,generation-iv,"When this Pokémon is confused, it has twice its evasion.",Doubles evasion when confused.
78,motor-drive,1,generation-iv,"Whenever an electric-type move hits this Pokémon, its Speed rises one stage, negating any other effect on it.

This ability will not take effect if this Pokémon is immune to Electric moves.  Electric moves will ignore this Pokémon's substitute.

This effect includes non-damaging moves, i.e. thunder wave.","Absorbs electric moves, raising Speed one stage."
79,rivalry,1,generation-iv,"This Pokémon inflicts 1.25× as much regular damage against Pokémon of the same gender and 0.75× as much regular damage against Pokémon of the opposite gender.

If either Pokémon is genderless, damage is unaffected.","Increases damage inflicted to 1.25× against Pokémon of the same gender, but decreases damage to 0.75× against the opposite gender."
80,steadfast,1,generation-iv,"Whenever this Pokémon flinches, its Speed rises one stage.",Raises Speed one stage upon flinching.
81,snow-cloak,1,generation-iv,"During hail, this Pokémon has 1.25× its evasion, and it does not take hail damage regardless of type.

The evasion bonus does not count as a stat modifier.

Overworld: If the lead Pokémon has this ability, the wild encounter rate is halved in snow.",Increases evasion to 1.25× during hail.  Protects against hail damage.
82,gluttony,1,generation-iv,"This Pokémon eats any held Berry triggered by low HP when it falls below 50% of its HP, regardless of the Berry's usual threshold.",Makes the Pokémon eat any held Berry triggered by low HP below 1/2 its max HP.
83,anger-point,1,generation-iv,"Whenever this Pokémon receives a critical hit, its Attack rises to the maximum of 6 stages.

This ability will still take effect if the critical hit is received by a substitute.",Raises Attack to the maximum of six stages upon receiving a critical hit.
84,unburden,1,generation-iv,"When this Pokémon uses or loses its held item, its Speed is doubled.  If it gains another item or leaves battle, this bonus is lost.

This includes when the Pokémon drops its item because of knock off.  This bonus does not count as a stat modifier.  There is no notification when this ability takes effect.",Doubles Speed upon using or losing a held item.
85,heatproof,1,generation-iv,This Pokémon takes half as much damage from fire-type moves and burns.,Halves damage from fire moves and burns.
86,simple,1,generation-iv,"Each stage of this Pokémon's stat modifiers acts as two stages.  These doubled stages are still limited to a minimum of -6 and a maximum of 6.

This Pokémon can still accumulate less than -3 or more than 3 stages of stat modifiers, even though the extra ones have no effect after doubling.",Doubles the Pokémon's stat modifiers.  These doubled modifiers are still capped at -6 or 6 stages.
87,dry-skin,1,generation-iv,"This Pokémon takes 1/8 of its maximum HP in damage after each turn during strong sunlight, but it heals for 1/8 of its HP each turn during rain.  This Pokémon takes 1.25× as much damage from fire-type moves, but whenever a water move hits it, it heals for 1/4 its maximum HP instead.","Causes 1/8 max HP in damage each turn during strong sunlight, but heals for 1/8 max HP during rain.  Increases damage from fire moves to 1.25×, but absorbs water moves, healing for 1/4 max HP."
88,download,1,generation-iv,"When this Pokémon enters battle, its Attack or Special Attack, whichever corresponds to its opponents' weaker total defensive stat, rises one stage.  In the event of a tie, Special Attack is raised.

This ability also takes effect when acquired during a battle.",Raises the attack stat corresponding to the opponents' weaker defense one stage upon entering battle.
89,iron-fist,1,generation-iv,"Moves flagged as being punch-based have 1.2× their base power for this Pokémon.

sucker punch is not flagged as punch-based; its original, Japanese name only means ""surprise attack"".",Strengthens punch-based moves to 1.2× their power.
90,poison-heal,1,generation-iv,"If this Pokémon is poisoned, it will heal for 1/8 of its maximum HP after each turn rather than taking damage.  This includes bad poison.",Heals for 1/8 max HP after each turn when poisoned in place of damage.
91,adaptability,1,generation-iv,"This Pokémon inflicts twice as much damage with moves whose types match its own, rather than the usual same-type attack bonus of 1.5×.",Increases the same-type attack bonus from 1.5× to 2×.
92,skill-link,1,generation-iv,"This Pokémon always hits five times with two-to-five-hit moves, such as icicle spear.  It also bypasses the accuracy checks on triple kick's second and third hits.",Extends two-to-five-hit moves and triple kick to their full length every time.
93,hydration,1,generation-iv,This Pokémon is cured of any major status ailment after each turn during rain.,Cures any major status ailment after each turn during rain.
94,solar-power,1,generation-iv,"During strong sunlight, this Pokémon has 1.5× its Special Attack but takes 1/8 of its maximum HP in damage after each turn.",Increases Special Attack to 1.5× but costs 1/8 max HP after each turn during strong sunlight.
95,quick-feet,1,generation-iv,"Whenever this Pokémon has a major status ailment, it has 1.5× its Speed.  This Pokémon is not affected by the usual Speed cut from paralysis.

Overworld: If the lead Pokémon has this ability, the wild encounter rate is halved.",Increases Speed to 1.5× with a major status ailment.
96,normalize,1,generation-iv,"This Pokémon's moves all act as if they were normal-type.

Moves that inflict typeless damage do so as usual.  Moves of variable type, such as hidden power, are affected.  They otherwise work as usual, however; weather ball, for example, is always forced to be Normal, but it still has doubled power and looks different during weather.

As thunder wave is prevented by immunities, unlike most non-damaging moves, it does not affect ghost-type Pokémon under the effect of this ability.",Makes the Pokémon's moves all act normal-type.
97,sniper,1,generation-iv,"This Pokémon inflicts triple damage with critical hits, rather than the usual double damage.",Strengthens critical hits to inflict 3× damage rather than 2×.
98,magic-guard,1,generation-iv,"This Pokémon is immune to damage not directly caused by a move.

For example, this Pokémon takes no damage from from weather, recoil, status ailments, or spikes, but it still suffers from the Attack cut when burned, and a life orb will still power up this Pokémon's moves without damaging it.  Anything that directly depends on such damage will also not happen; for example, leech seed will neither hurt this Pokémon nor heal the opponent, and Pokémon with a jaboca berry or rowap berry will not consume the berry when hit by this Pokémon.

The following are unaffected: struggle, pain split (whether used by or against this Pokémon), belly drum, substitute, curse, moves that knock the user out, and damage from confusion.

This Pokémon will neither lose nor regain HP if it drains HP from a Pokémon with liquid ooze.

If this Pokémon is badly poisoned, the poison counter is still increased each turn; if the Pokémon loses this ability, it will begin taking as much damage as it would be if it had been taking increasing damage each turn.",Protects against damage not directly caused by a move.
99,no-guard,1,generation-iv,"Moves used by or against this Pokémon never miss.

One-hit KO moves are unaffected.  Moves affected by this ability can hit Pokémon during the preparation turn of moves like dig or fly.

Overworld: If the lead Pokémon has this ability, the wild encounter rate is doubled.",Ensures all moves used by and against the Pokémon hit.
100,stall,1,generation-iv,"This Pokémon moves last within its priority bracket.

Multiple Pokémon with this ability move in order of Speed amongst themselves.

The full incense and lagging tail take precedence over this ability; that is, Pokémon with these items move after Pokémon with this ability.  Pokémon with both this ability and one of these items are delayed as much as if they had only the item.

This ability works as usual during trick room: Pokémon with this ability will move in reverse order of Speed after Pokémon without it.",Makes the Pokémon move last within its move's priority bracket.
101,technician,1,generation-iv,"This Pokémon's moves have 1.5× their power if their base power is 60 or less.

This includes moves of variable power, such as hidden power and magnitude, when their power is 60 or less.  helping hand's power boost is taken into account for any move, as is defense curl's power boost for rollout.",Strengthens moves of 60 base power or less to 1.5× their power.
102,leaf-guard,1,generation-iv,"This Pokémon cannot be given a major status ailment during strong sunlight.

This ability does not heal prior status ailments.  rest will fail altogether with this ability in effect.  yawn will immediately fail if used on this Pokémon during strong sunlight, and an already-used Yawn will fail if the weather turns to strong sunlight in the meantime.",Protects against major status ailments during strong sunlight.
103,klutz,1,generation-iv,"In battle, this Pokémon cannot use its held item, nor will the item have any passive effect on the battle, positive or negative.  This Pokémon also cannot use fling.

The Speed cut from the iron ball and the effort items (the macho brace, power weight, power bracer, power belt, power lens, power band, and power anklet) is unaffected.  Items that do not directly affect the battle, such as the exp share, the amulet coin, or the soothe bell, work as usual.  All held items work as usual out of battle.

Other moves that use the held item, such as natural gift and switcheroo, work as usual.",Prevents the Pokémon from using its held item in battle.
104,mold-breaker,1,generation-iv,"This Pokémon's moves completely ignore abilities that could hinder or prevent their effect on the target.

For example, this Pokémon's moves ignore abilities that would fully negate them, such as water absorb; abilities that would prevent any of their effects, such as clear body, shell armor, or sticky hold; and abilities that grant any general protective benefit, such as simple, snow cloak, or thick fat.  If an ability could either hinder or help this Pokémon's moves, e.g. dry skin or unaware, the ability is ignored either way.

Abilities that do not fit this description, even if they could hinder moves in some other way, are not affected.  For example, cursed body only affects potential future uses of the move, while liquid ooze and shadow tag can only hinder a move's effect on the user.  This ablity cannot ignore type or form changes granted by abilities, for example color change or forecast; nor effects that were caused by abilities but are no longer tied to an ability, such as the rain from drizzle.  This ability cannot ignore multitype at all.

An ability ignored by this ability is only nullified while the move is being used.  For example, this Pokémon's moves can paralyze a Pokémon with limber, but Limber will activate and heal the paralysis immediately thereafter, and this Pokémon's spikes are not affected by this ability after they have been placed.

When this Pokémon enters battle, all participating trainers are notified that it has this ability.

This ability functions identically to teravolt and turboblaze.",Bypasses targets' abilities if they could hinder or prevent a move.
105,super-luck,1,generation-iv,This Pokémon's moves have critical hit rates one stage higher than normal.,Raises moves' critical hit rates one stage.
106,aftermath,1,generation-iv,"When this Pokémon is knocked out by a move that makes contact, the move's user takes 1/4 its maximum HP in damage.",Damages the attacker for 1/4 its max HP when knocked out by a contact move.
107,anticipation,1,generation-iv,"When this Pokémon enters battle, if one of its opponents has a move that is super effective against it, self destruct, explosion, or a one-hit knockout move, all participating trainers are notified.

The move itself is not revealed; only that there is such a move.  Moves that inflict typeless damage, such as future sight, and moves of variable type, such as hidden power, count as their listed types.  counter, metal burst, mirror coat, and one-hit KO moves to which this Pokémon is immune do not trigger this ability.","Notifies all trainers upon entering battle if an opponent has a super-effective move, self destruct, explosion, or a one-hit KO move."
108,forewarn,1,generation-iv,"When this Pokémon enters battle, it reveals the move with the highest base power known by any opposing Pokémon to all participating trainers.

In the event of a tie, one is chosen at random.

Moves without a listed base power are assigned one as follows:

Power | Moves
----: | -----
  160 | One-hit KO moves: fissure, guillotine, horn drill, and sheer cold
  120 | Counter moves: counter, metal burst, and mirror coat
   80 | Variable power or set damage: crush grip, dragon rage, electro ball, endeavor, final gambit, flail, frustration, grass knot, gyro ball, heat crash, heavy slam, hidden power, low kick, natural gift, night shade, psywave, return, reversal, seismic toss, sonic boom, trump card, and wring out
    0 | Any such move not listed
",Reveals the opponents' strongest move upon entering battle.
109,unaware,1,generation-iv,"This Pokémon ignores other Pokémon's stat modifiers for the purposes of damage and accuracy calculation.

Effectively, this affects modifiers of every stat except Speed.

The power of punishment and stored power is calculated as usual.  When this Pokémon hurts itself in confusion, its stat modifiers affect damage as usual.",Ignores other Pokémon's stat modifiers for damage and accuracy calculation.
110,tinted-lens,1,generation-iv,This Pokémon deals twice as much damage with moves that are not very effective against the target.,Doubles damage inflicted with not-very-effective moves.
111,filter,1,generation-iv,"This Pokémon takes 0.75× as much damage from moves that are super effective against it.

This ability functions identically to solid rock.",Decreases damage taken from super-effective moves by 1/4.
112,slow-start,1,generation-iv,"This Pokémon's Attack and Speed are halved for five turns upon entering battle.

This ability also takes effect when acquired during battle.  If this Pokémon loses its ability before the five turns are up, its Attack and Speed return to normal; if it then regains this ability without leaving battle, its Attack and Speed are halved again, but the counter keeps counting from where it was.",Halves Attack and Speed for five turns upon entering battle.
113,scrappy,1,generation-iv,"This Pokémon ignores ghost-type Pokémon's immunity to normal- and fighting-type moves.

Ghost Pokémon's other types affect damage as usual.",Lets the Pokémon's normal and fighting moves hit ghost Pokémon.
114,storm-drain,1,generation-iv,"All other Pokémon's single-target water-type moves are redirected to this Pokémon, if it is an eligible target.  Other Pokémon's Water moves raise this Pokémon's Special Attack one stage, negating any other effect on it, and cannot miss it.

If the move's intended target also has this ability, the move is not redirected.  When multiple Pokémon with this ability are possible targets for redirection, the move is redirected to the one with the highest Speed stat, or, in the case of a tie, to a random tied Pokémon.  follow me takes precedence over this ability.","Redirects single-target water moves to this Pokémon where possible.  Absorbs Water moves, raising Special Attack one stage."
115,ice-body,1,generation-iv,"This Pokémon heals for 1/16 of its maximum HP after each turn during hail, and it does not take hail damage regardless of type.",Heals for 1/16 max HP after each turn during hail.  Protects against hail damage.
116,solid-rock,1,generation-iv,"This Pokémon takes 0.75× as much damage from moves that are super effective against it.

This ability functions identically to filter.",Decreases damage taken from super-effective moves by 1/4.
117,snow-warning,1,generation-iv,"The weather changes to hail when this Pokémon enters battle and does not end unless cancelled by another weather condition.

If multiple Pokémon with this ability, drizzle, drought, or sand stream are sent out at the same time, the abilities will activate in order of Speed, respecting trick room.  Each ability's weather will cancel the previous weather, and only the weather summoned by the slowest of the Pokémon will stay.",Summons hail that lasts indefinitely upon entering battle.
118,honey-gather,1,generation-iv,"This Pokémon has a chance of picking up honey after each battle.  This chance starts at 5% and rises another 5% after every tenth level: 5% from level 1–10, 10% from 11–20, and so on, up to 50% from 91–100.

This ability is checked after the battle ends, at which point any temporary ability changes have worn off.",The Pokémon may pick up honey after battle.
119,frisk,1,generation-iv,"When this Pokémon enters battle, it reveals an opposing Pokémon's held item to all participating trainers.

In a double battle, if one opponent has an item, this Pokémon will Frisk that Pokémon; if both have an item, it will Frisk one at random.",Reveals an opponent's held item upon entering battle.
120,reckless,1,generation-iv,"This Pokémon's recoil moves and crash moves have 1.2× their base power.

struggle is unaffected.

The ""crash moves"" are the moves that damage the user upon missing: jump kick and high jump kick.",Strengthens recoil moves to 1.2× their power.
121,multitype,1,generation-iv,"If this Pokémon is holding an elemental Plate, its type and form change to match the Plate.

This Pokémon's held item, whether or not it is a Plate, cannot be taken by covet or thief, nor removed by knock off, nor traded by switcheroo or trick.  Covet, Thief, and Knock Off still inflict damage against this Pokémon.  Unlike with sticky hold, this Pokémon cannot use fling, Switcheroo, or Trick to lose its item itself, nor gain an item through Switcheroo or Trick if it does not have one.

This ability has no effect for any Pokémon other than arceus.  This ability cannot be traded with skill swap, nor copied with role play or trace, nor disabled with gastro acid, nor changed with worry seed.  This Pokémon cannot use Skill Swap or Role Play to lose its ability itself.  mold breaker cannot ignore this ability.

If a Pokémon Transforms into an Arceus with this ability, it will Transform into Arceus's default, normal-type form.  If the Transforming Pokémon is holding a Plate, this ability will then activate and change the Pokémon into the corresponding form.",Changes arceus's type and form to match its held Plate.
122,flower-gift,1,generation-iv,"Friendly Pokémon have 1.5× their Attack and Special Defense during strong sunlight if any friendly Pokémon has this ability.

Unlike forecast, multitype, and zen mode, this ability is not tied to its Pokémon's form change; cherrim will switch between its forms even if it loses this ability.  As such, this ability also works if obtained by a Pokémon other than Cherrim.",Increases friendly Pokémon's Attack and Special Defense to 1.5× during strong sunlight.
123,bad-dreams,1,generation-iv,Opposing Pokémon take 1/8 of their maximum HP in damage after each turn while they are asleep.,Damages sleeping opponents for 1/8 their max HP after each turn.
124,pickpocket,1,generation-v,"Whenever a move makes contact with this Pokémon, if it does not have a held item, it steals the attacker's held item.

This Pokémon cannot steal upon being knocked out.  It can steal if the attacker has a substitute, but cannot steal when its own Substitute is hit.  If a move hits multiple times, only the last hit triggers this ability.  If this Pokémon is wild, it cannot steal from a trained Pokémon.",Steals attacking Pokémon's held items on contact.
125,sheer-force,1,generation-v,"This Pokémon's moves with extra effects have 1.3× their power, but lose their extra effects.

An effect chance is a move's chance to inflict a status ailment, cause a stat change, or make the target flinch in addition to the move's main effect. For example, thunder shock's paralysis is an extra effect, but thunder wave's is not, nor are knock off's item removal and air cutter's increased critical hit rate.

Moves that lower the user's stats are unaffected.","Strengthens moves with extra effects to 1.3× their power, but prevents their extra effects."
126,contrary,1,generation-v,"Whenever this Pokémon's stats would be raised, they are instead lowered by the same amount, and vice versa.",Inverts stat changes.
127,unnerve,1,generation-v,"Opposing Pokémon cannot eat held Berries while this Pokémon is in battle.

Affected Pokémon can still use bug bite or pluck to eat a target's Berry.",Prevents opposing Pokémon from eating held Berries.
128,defiant,1,generation-v,"When any of this Pokémon's stats are lowered, its Attack rises by two stages.

If multiple stats are lowered at once, this ability takes effect with each stat lowered.",Raises Attack two stages upon having any stat lowered.
129,defeatist,1,generation-v,This Pokémon's Attack and Special Attack are halved when it has half its HP or less.,Halves Attack and Special Attack at 50% max HP or less.
130,cursed-body,1,generation-v,Moves that hit this Pokémon have a 30% chance of being Disabled afterward.,Has a 30% chance of Disabling any move that hits the Pokémon.
131,healer,1,generation-v,Friendly Pokémon next to this Pokémon in double and triple battles each have a 30% chance of being cured of any major status ailment after each turn.,Has a 30% chance of curing each adjacent ally of any major status ailment after each turn.
132,friend-guard,1,generation-v,"All friendly Pokémon take 0.75× as much direct damage from moves while this Pokémon is in battle.

This effect stacks if multiple allied Pokémon have it.",Decreases all direct damage taken by friendly Pokémon to 0.75×.
133,weak-armor,1,generation-v,"Whenever a physical move hits this Pokémon, its Speed rises one stage and its Defense falls one stage.

This ability triggers on every hit of a multiple-hit move.",Raises Speed and lowers Defense by one stage each upon being hit by a physical move.
134,heavy-metal,1,generation-v,This Pokémon has double the usual weight for its species.,Doubles the Pokémon's weight.
135,light-metal,1,generation-v,This Pokémon has half the usual weight for its species.,Halves the Pokémon's weight.
136,multiscale,1,generation-v,This Pokémon takes half as much damage when it is hit having full HP.,Halves damage taken from full HP.
137,toxic-boost,1,generation-v,This Pokémon has 1.5× its Attack when poisoned.,Increases Attack to 1.5× when poisoned.
138,flare-boost,1,generation-v,This Pokémon has 1.5× its Special Attack when burned.,Increases Special Attack to 1.5× when burned.
139,harvest,1,generation-v,"After each turn, if the last item this Pokémon consumed was a Berry and it is not currently holding an item, it has a 50% chance of regaining that Berry, or a 100% chance during strong sunlight.",Has a 50% chance of restoring a used Berry after each turn if the Pokémon has held no items in the meantime.
140,telepathy,1,generation-v,"This Pokémon does not take damage from friendly Pokémon's moves, including single-target moves aimed at it.",Protects against friendly Pokémon's damaging moves.
141,moody,1,generation-v,"After each turn, one of this Pokémon's stats at random rises two stages, and another falls one stage.

If a stat is already at 6 or -6 stages, it will not be chosen to be increased or decreased, respectively.",Raises a random stat two stages and lowers another one stage after each turn.
142,overcoat,1,generation-v,This Pokémon does not take damage from weather.,Protects against damage from weather.
143,poison-touch,1,generation-v,"This Pokémon's contact moves have a 30% chance of poisoning the target with each hit.

This counts as an extra effect for the purposes of shield dust.  This ability takes effect before mummy.",Has a 30% chance of poisoning target Pokémon upon contact.
144,regenerator,1,generation-v,"This Pokémon regains 1/3 of its maximum HP when it is switched out for another Pokémon under any circumstances other than having fainted.

This ability does not take effect when a battle ends.",Heals for 1/3 max HP upon switching out.
145,big-pecks,1,generation-v,"This Pokémon's Defense cannot be lowered by other Pokémon.

This Pokémon can still be passed negative Defense modifiers through heart swap or guard swap.",Protects against Defense drops.
146,sand-rush,1,generation-v,"This Pokémon's Speed is doubled during a sandstorm, and it does not take sandstorm damage, regardless of type.",Doubles Speed during a sandstorm.  Protects against sandstorm damage.
147,wonder-skin,1,generation-v,Non-damaging moves have exactly 50% base accuracy against this Pokémon.,Lowers incoming non-damaging moves' base accuracy to exactly 50%.
148,analytic,1,generation-v,"This Pokémon's moves have 1.3× their power when it moves last in a turn.

future sight and doom desire are unaffected.",Strengthens moves to 1.3× their power when moving last.
149,illusion,1,generation-v,"This Pokémon, upon being sent out, appears to have the species, nickname, and Poké Ball of the last Pokémon in the party that is able to battle.  This illusion breaks upon being hit by a damaging move.

Other damage, e.g. from weather or spikes, does not break the illusion, nor does damage done to a substitute.

If the party order becomes temporarily shuffled around as Pokémon are switched out in battle, this ability chooses the last Pokémon according to that shuffled order.",Takes the appearance of the last conscious party Pokémon upon being sent out until hit by a damaging move.
150,imposter,1,generation-v,This Pokémon transforms into a random opponent upon entering battle.  This effect is identical to the move transform.,Transforms upon entering battle.
151,infiltrator,1,generation-v,"This Pokémon's moves ignore light screen, reflect, and safeguard.","Bypasses light screen, reflect, and safeguard."
152,mummy,1,generation-v,"Whenever a contact move hits this Pokémon, the attacking Pokémon's ability changes to Mummy.

multitype is unaffected.  If a Pokémon with moxie knocks this Pokémon out, the former's ability will change without taking effect.",Changes attacking Pokémon's abilities to Mummy on contact.
153,moxie,1,generation-v,"This Pokémon's Attack rises one stage upon knocking out another Pokémon, even a friendly Pokémon.

This ability does not take effect when the Pokémon indirectly causes another Pokémon to faint, e.g. through poison or spikes.

If this Pokémon knocks out a Pokémon with mummy, the former's ability will change without taking effect.",Raises Attack one stage upon KOing a Pokémon.
154,justified,1,generation-v,"Whenever a dark-type move hits this Pokémon, its Attack rises one stage.

The move is not negated in any way.",Raises Attack one stage upon taking damage from a dark move.
155,rattled,1,generation-v,"This Pokémon's Speed rises one stage with each hit from a damaging dark-, ghost-, or bug-type move.","Raises Speed one stage upon being hit by a dark, ghost, or bug move."
156,magic-bounce,1,generation-v,"When this Pokémon is targeted by a move flagged as being reflectable, the move is redirected to its user.

All reflectable moves are non-damaging, and most non-damaging moves that target other Pokémon are reflectable.

A move reflected by this ability or magic coat cannot be reflected back.",Reflects most non-damaging moves back at their user.
157,sap-sipper,1,generation-v,"Whenever a grass-type move hits this Pokémon, its Attack rises one stage, negating any other effect on it.","Absorbs grass moves, raising Attack one stage."
158,prankster,1,generation-v,This Pokémon's non-damaging moves have their priority increased by one stage.,Raises non-damaging moves' priority by one stage.
159,sand-force,1,generation-v,"During a sandstorm, this Pokémon's rock-, ground-, and steel-type moves have 1.3× their base power.  This Pokémon does not take sandstorm damage, regardless of type.","Strengthens rock, ground, and steel moves to 1.3× their power during a sandstorm.  Protects against sandstorm damage."
160,iron-barbs,1,generation-v,"Whenever a move makes contact with this Pokémon, the move's user takes 1/8 of its maximum HP in damage.

This ability functions identically to rough skin.",Damages attacking Pokémon for 1/8 their max HP on contact.
161,zen-mode,1,generation-v,"This Pokémon switches between Standard Mode and Zen Mode after each turn depending on its HP.  Below 50% of its maximum HP, it switches to Zen Mode, and at 50% or above, it switches to Standard Mode.

This Pokémon returns to Standard Mode upon leaving battle or losing this ability.  This ability has no effect if this Pokémon is not a darmanitan.","Changes darmanitan's form after each turn depending on its HP: Zen Mode below 50% max HP, and Standard Mode otherwise."
162,victory-star,1,generation-v,"All friendly Pokémon's moves, including this Pokémon's own moves, have 1.1× their usual accuracy while this Pokémon is in battle.",Increases moves' accuracy to 1.1× for friendly Pokémon.
163,turboblaze,1,generation-v,"This Pokémon's moves completely ignore abilities that could hinder or prevent their effect on the target.

For example, this Pokémon's moves ignore abilities that would fully negate them, such as water absorb; abilities that would prevent any of their effects, such as clear body, shell armor, or sticky hold; and abilities that grant any general protective benefit, such as simple, snow cloak, or thick fat.  If an ability could either hinder or help this Pokémon's moves, e.g. dry skin or unaware, the ability is ignored either way.

Abilities that do not fit this description, even if they could hinder moves in some other way, are not affected.  For example, cursed body only affects potential future uses of the move, while liquid ooze and shadow tag can only hinder a move's effect on the user.  This ablity cannot ignore type or form changes granted by abilities, for example color change or forecast; nor effects that were caused by abilities but are no longer tied to an ability, such as the rain from drizzle.  This ability cannot ignore multitype at all.

An ability ignored by this ability is only nullified while the move is being used.  For example, this Pokémon's moves can paralyze a Pokémon with limber, but Limber will activate and heal the paralysis immediately thereafter, and this Pokémon's spikes are not affected by this ability after they have been placed.

When this Pokémon enters battle, all participating trainers are notified that it has this ability.

This ability functions identically to mold breaker and teravolt.",Bypasses targets' abilities if they could hinder or prevent moves.
164,teravolt,1,generation-v,"This Pokémon's moves completely ignore abilities that could hinder or prevent their effect on the target.

For example, this Pokémon's moves ignore abilities that would fully negate them, such as water absorb; abilities that would prevent any of their effects, such as clear body, shell armor, or sticky hold; and abilities that grant any general protective benefit, such as simple, snow cloak, or thick fat.  If an ability could either hinder or help this Pokémon's moves, e.g. dry skin or unaware, the ability is ignored either way.

Abilities that do not fit this description, even if they could hinder moves in some other way, are not affected.  For example, cursed body only affects potential future uses of the move, while liquid ooze and shadow tag can only hinder a move's effect on the user.  This ablity cannot ignore type or form changes granted by abilities, for example color change or forecast; nor effects that were caused by abilities but are no longer tied to an ability, such as the rain from drizzle.  This ability cannot ignore multitype at all.

An ability ignored by this ability is only nullified while the move is being used.  For example, this Pokémon's moves can paralyze a Pokémon with limber, but Limber will activate and heal the paralysis immediately thereafter, and this Pokémon's spikes are not affected by this ability after they have been placed.

When this Pokémon enters battle, all participating trainers are notified that it has this ability.

This ability functions identically to mold breaker and turboblaze.",Bypasses targets' abilities if they could hinder or prevent moves.
165,aroma-veil,1,generation-vi,Protects allies against moves that affect their mental state.,Protects allies against moves that affect their mental state.
166,flower-veil,1,generation-vi,Protects friendly grass Pokémon from having their stats lowered by other Pokémon.,Protects friendly grass Pokémon from having their stats lowered by other Pokémon.
167,cheek-pouch,1,generation-vi,"Restores HP upon eating a Berry, in addition to the Berry's effect.","Restores HP upon eating a Berry, in addition to the Berry's effect."
168,protean,1,generation-vi,"Changes the bearer's type to match each move it uses.

The type change takes place just before the move is used.",Changes the bearer's type to match each move it uses.
169,fur-coat,1,generation-vi,Halves damage from physical attacks.,Halves damage from physical attacks.
170,magician,1,generation-vi,Steals the target's held item when the bearer uses a damaging move.,Steals the target's held item when the bearer uses a damaging move.
171,bulletproof,1,generation-vi,"Protects against bullet, ball, and bomb-based moves.","Protects against bullet, ball, and bomb-based moves."
172,competitive,1,generation-vi,Raises Special Attack by two stages upon having any stat lowered.,Raises Special Attack by two stages upon having any stat lowered.
173,strong-jaw,1,generation-vi,Strengthens biting moves to 1.5× their power.,Strengthens biting moves to 1.5× their power.
174,refrigerate,1,generation-vi,Turns the bearer's normal-type moves into ice-type moves.  Moves changed by this ability have 1.3× their power.,Turns the bearer's normal moves into ice moves and strengthens them to 1.3× their power.
175,sweet-veil,1,generation-vi,Prevents friendly Pokémon from sleeping.,Prevents friendly Pokémon from sleeping.
176,stance-change,1,generation-vi,"Changes aegislash to Blade Forme before using a damaging move, or Shield Forme before using kings shield.","Changes aegislash to Blade Forme before using a damaging move, or Shield Forme before using kings shield."
177,gale-wings,1,generation-vi,Raises flying moves' priority by one stage.,Raises flying moves' priority by one stage.
178,mega-launcher,1,generation-vi,Strengthens aura and pulse moves to 1.5× their power.,Strengthens aura and pulse moves to 1.5× their power.
179,grass-pelt,1,generation-vi,Boosts Defense while grassy terrain is in effect.,Boosts Defense while grassy terrain is in effect.
180,symbiosis,1,generation-vi,Passes the bearer's held item to an ally when the ally uses up its item.,Passes the bearer's held item to an ally when the ally uses up its item.
181,tough-claws,1,generation-vi,Strengthens moves that make contact to 1.33× their power.,Strengthens moves that make contact to 1.33× their power.
182,pixilate,1,generation-vi,Turns the bearer's normal-type moves into fairy moves.  Moves changed by this ability have 1.3× their power.,Turns the bearer's normal moves into fairy moves and strengthens them to 1.3× their power.
183,gooey,1,generation-vi,Lowers attacking Pokémon's Speed by one stage on contact.,Lowers attacking Pokémon's Speed by one stage on contact.
184,aerilate,1,generation-vi,Turns the bearer's normal-type moves into flying-type moves.  Moves changed by this ability have 1.3× their power.,Turns the bearer's normal moves into flying moves and strengthens them to 1.3× their power.
185,parental-bond,1,generation-vi,Lets the bearer hit twice with damaging moves.  The second hit has half power.,Lets the bearer hit twice with damaging moves.  The second hit has half power.
186,dark-aura,1,generation-vi,Strengthens dark moves for all friendly and opposing Pokémon.,Strengthens dark moves to 1.33× their power for all friendly and opposing Pokémon.
187,fairy-aura,1,generation-vi,Strengthens fairy moves for all friendly and opposing Pokémon.,Strengthens fairy moves to 1.33× their power for all friendly and opposing Pokémon.
188,aura-break,1,generation-vi,"While this Pokémon is on the field, dark aura and fairy aura weaken moves of their respective types to 2/3 their power, rather than strengthening them.",Makes dark aura and fairy aura weaken moves of their respective types.
189,primordial-sea,1,generation-vi,"When this Pokémon enters battle or gains this ability, the weather becomes heavy rain.  Heavy rain has all the properties of rain dance and also causes damaging Fire moves to fail.

Heavy rain ends when this Pokémon leaves battle or loses this ability, or when this ability is nullified.  The weather cannot otherwise be changed except by the effects of delta stream and desolate land.

air lock and cloud nine will prevent the effects of heavy rain, including allowing Fire moves to work, but will not allow the weather to be changed.","Creates heavy rain, which has all the properties of Rain Dance, cannot be replaced, and causes damaging Fire moves to fail."
190,desolate-land,1,generation-vi,"When this Pokémon enters battle or gains this ability, the weather becomes extremely harsh sunlight.  Extremely harsh sunlight has all the properties of sunny day and also causes damaging Water moves to fail.

Extremely harsh sunlight ends when this Pokémon leaves battle or loses this ability, or when this ability is nullified.  The weather cannot otherwise be changed except by the effects of delta stream and primordial sea.

air lock and cloud nine will prevent the effects of extremely harsh sunlight, including allowing Water moves to work, but will not allow the weather to be changed.","Creates extremely harsh sunlight, which has all the properties of Sunny Day, cannot be replaced, and causes damaging Water moves to fail."
191,delta-stream,1,generation-vi,"When this Pokémon enters battle or gains this ability, the weather becomes a mysterious air current.  A mysterious air current causes moves to not be super effective against Flying; they do neutral damage instead.  anticipation and stealth rock are not affected.

The mysterious air current ends when this Pokémon leaves battle or loses this ability, or when this ability is nullified.  The weather cannot otherwise be changed except by the effects of desolate land and primordial sea.

air lock and cloud nine will prevent the effect of a mysterious air current, but will not allow the weather to be changed.","Creates a mysterious air current, which cannot be replaced and causes moves to never be super effective against Flying Pokémon."
192,stamina,1,generation-vii,Raises this Pokémon's Defense by one stage when it takes damage from a move.,Raises this Pokémon's Defense by one stage when it takes damage from a move.
193,wimp-out,1,generation-vii,"After this Pokémon is hit by a move, if that move caused this Pokémon's HP to drop below half, it switches out.",This Pokémon automatically switches out when its HP drops below half.
194,emergency-exit,1,generation-vii,"After this Pokémon is hit by a move, if that move caused this Pokémon's HP to drop below half, it switches out.",This Pokémon automatically switches out when its HP drops below half.
195,water-compaction,1,generation-vii,Raises this Pokémon's Defense by two stages when it's hit by a Water move.,Raises this Pokémon's Defense by two stages when it's hit by a Water move.
196,merciless,1,generation-vii,This Pokémon's moves critical hit against poisoned targets.,This Pokémon's moves critical hit against poisoned targets.
197,shields-down,1,generation-vii,"When this Pokémon enters battle and at the end of each turn, if its HP is 50% or above, it changes into Meteor Form; otherwise, it changes into Core Form.  In Meteor Form, it cannot be given a major status ailment (though existing ones are not cured), cannot become drowsy from yawn, and cannot use rest (which will simply fail).

This ability cannot be copied, replaced, or nullified.  This ability only takes effect for Minior.",Transforms this Minior between Core Form and Meteor Form.  Prevents major status ailments and drowsiness while in Meteor Form.
198,stakeout,1,generation-vii,This Pokémon's moves have double power against Pokémon that switched in this turn.,This Pokémon's moves have double power against Pokémon that switched in this turn.
199,water-bubble,1,generation-vii,"When this Pokémon is hit by a Fire move, the damage is halved.  When this Pokémon uses a Water move, the power is doubled. This Pokémon cannot be burned, and if it becomes burned, the burn is immediately cured.","Halves damage from Fire moves, doubles damage of Water moves, and prevents burns."
200,steelworker,1,generation-vii,This Pokémon's Steel moves have 1.5× power.,This Pokémon's Steel moves have 1.5× power.
201,berserk,1,generation-vii,"Whenever this Pokémon takes damage from a move that causes its HP to drop below 50%, its Special Attack rises by one stage.",Raises this Pokémon's Special Attack by one stage every time its HP drops below half.
202,slush-rush,1,generation-vii,"During Hail, this Pokémon has double Speed.","During Hail, this Pokémon has double Speed."
203,long-reach,1,generation-vii,A move used by this Pokémon will not make contact.,This Pokémon's moves do not make contact.
204,liquid-voice,1,generation-vii,"When this Pokémon uses a move that is sound-based, that move's type is Water.",Sound-based moves become Water-type.
205,triage,1,generation-vii,This Pokémon's healing moves have their priority increased by 3.,This Pokémon's healing moves have their priority increased by 3.
206,galvanize,1,generation-vii,"When this Pokémon uses a Normal moves, that move is Electric its power is 1.2×.",This Pokémon's Normal moves are Electric and have their power increased to 1.2×.
207,surge-surfer,1,generation-vii,Doubles this Pokémon's Speed on Electric Terrain.,Doubles this Pokémon's Speed on Electric Terrain.
208,schooling,1,generation-vii,"If this Pokémon is a wishiwashi and level 20 or above, then when it enters battle and at the start of each turn, it becomes Schooling Form if its HP is 25% or higher and Solo Form otherwise.

This ability cannot be replaced, copied, or nullified.",Wishiwashi becomes Schooling Form when its HP is 25% or higher.
209,disguise,1,generation-vii,"If this Pokémon is in its Disguised Form and takes damage from a move, it switches to its Busted Form and the damage is prevented.  Other effects are not prevented.

This ability cannot be copied or replaced.  This ability only takes effect for Mimikyu.",Prevents the first instance of battle damage.
210,battle-bond,1,generation-vii,"Transforms this Pokémon into Ash-Greninja after fainting an opponent.  Water Shuriken's power is 20 and always hits three times.

This ability cannot be copied or replaced.  This ability only takes effect for Greninja.",Transforms this Pokémon into Ash-Greninja after fainting an opponent.  Water Shuriken's power is 20 and always hits three times.
211,power-construct,1,generation-vii,"Transforms 10% or 50% Zygarde into Complete Forme when its HP is below 50%.

This ability cannot be copied or replaced.  This ability only takes effect for Zygarde.",Transforms 10% or 50% Zygarde into Complete Forme when its HP is below 50%.
212,corrosion,1,generation-vii,This Pokémon's moves and item ignore the usual immunity of Poison and Steel Pokémon when attempting to inflict poison.,This Pokémon can inflict poison on Poison and Steel Pokémon.
213,comatose,1,generation-vii,This Pokémon always acts as though it were Asleep.  It cannot be given another status ailment; it's unaffected by yawn; it can use sleep talk; and so on.,This Pokémon always  acts as though it were Asleep.
214,queenly-majesty,1,generation-vii,"When an opposing Pokémon attempts to use a move that targets this Pokémon or an ally, and that move has priority, it will fail.",Opposing Pokémon cannot use priority attacks.
215,innards-out,1,generation-vii,"When this Pokémon faints from an opponent's move, that opponent takes damage equal to the HP this Pokémon had remaining.","When this Pokémon faints from an opponent's move, that opponent takes damage equal to the HP this Pokémon had remaining."
216,dancer,1,generation-vii,"Whenever another Pokémon uses a dance move, this Pokémon will use the same move immediately afterwards.","Whenever another Pokémon uses a dance move, this Pokémon will use the same move immediately afterwards."
217,battery,1,generation-vii,Ally Pokémon's moves have their power increased to 1.3×.,Ally Pokémon's moves have their power increased to 1.3×.
218,fluffy,1,generation-vii,Damage from contact moves is halved.  Damage from Fire moves is doubled.,Damage from contact moves is halved.  Damage from Fire moves is doubled.
219,dazzling,1,generation-vii,"When an opposing Pokémon attempts to use a move that targets this Pokémon or an ally, and that move has priority, it will fail.",Opposing Pokémon cannot use priority attacks.
220,soul-heart,1,generation-vii,This Pokémon's Special Attack rises by one stage every time any Pokémon faints.,This Pokémon's Special Attack rises by one stage every time any Pokémon faints.
221,tangling-hair,1,generation-vii,"When this Pokémon takes regular damage from a contact move, the attacking Pokémon's Speed lowers by one stage.","When this Pokémon takes regular damage from a contact move, the attacking Pokémon's Speed lowers by one stage."
222,receiver,1,generation-vii,"When an ally faints, this Pokémon gains its Ability.","When an ally faints, this Pokémon gains its Ability."
223,power-of-alchemy,1,generation-vii,"When an ally faints, this Pokémon gains its Ability.","When an ally faints, this Pokémon gains its Ability."
224,beast-boost,1,generation-vii,Raises this Pokémon's highest stat by one stage when it faints another Pokémon.,Raises this Pokémon's highest stat by one stage when it faints another Pokémon.
225,rks-system,1,generation-vii,"Changes this Pokémon's type to match its held Memory.

This ability cannot be copied, replaced, or nullified.  This ability only takes effect for Silvally.",Changes this Pokémon's type to match its held Memory.
226,electric-surge,1,generation-vii,"When this Pokémon enters battle, it changes the terrain to electric terrain.","When this Pokémon enters battle, it changes the terrain to Electric Terrain."
227,psychic-surge,1,generation-vii,"When this Pokémon enters battle, it changes the terrain to psychic terrain.","When this Pokémon enters battle, it changes the terrain to Psychic Terrain."
228,misty-surge,1,generation-vii,"When this Pokémon enters battle, it changes the terrain to misty terrain.","When this Pokémon enters battle, it changes the terrain to Misty Terrain."
229,grassy-surge,1,generation-vii,"When this Pokémon enters battle, it changes the terrain to grassy terrain.","When this Pokémon enters battle, it changes the terrain to Grassy Terrain."
230,full-metal-body,1,generation-vii,"This Pokémon's stats cannot be lowered by other Pokémon's moves or abilities.  This effect only applies to normal stat modifications and not more exotic effects such as topsy turvy or power swap.

This Ability is not bypassed by mold breaker, teravolt, or turboblaze.",Other Pokémon cannot lower this Pokémon's stats.
231,shadow-shield,1,generation-vii,"When this Pokémon has full HP, regular damage (not fixed damage!) from moves is halved.

This ability cannot be nullified.","When this Pokémon has full HP, regular damage from moves is halved."
232,prism-armor,1,generation-vii,"Super-effective damage this Pokémon takes is reduced to 0.75×.

This Ability is not bypassed by mold breaker, teravolt, or turboblaze.",Reduces super-effective damage to 0.75×.
233,neuroforce,1,generation-vii,Increases super-effective damage dealt to 1.25×.,Increases super-effective damage dealt to 1.25×.
234,intrepid-sword,1,generation-viii,Boosts the Pokémon’s Attack stat the first time the Pokémon enters a battle.,Boosts Attack in battle.
235,dauntless-shield,1,generation-viii,Boosts the Pokémon’s Defense stat the first time the Pokémon enters a battle.,Boosts Defense in battle.
236,libero,1,generation-viii,Changes the Pokémon’s type to the type of the move it’s about to use. This works only once each time the Pokémon enters battle.,Libero changes the Pokémon's type to that of its previously used attack.
237,ball-fetch,1,generation-viii,"At any time after the first Poké Ball is thrown and fails to catch a Pokémon, at the end of a turn, if a Pokémon with Ball Fetch is on the field and not holding another item, it will pick up the same type of ball as the first one thrown.","If the Pokémon is not holding an item, it will fetch the Poké Ball from the first failed throw of the battle."
238,cotton-down,1,generation-viii,"When the Pokémon is hit by an attack, it scatters cotton fluff around and lowers the Speed stats of all Pokémon except itself.",When Ignores moves and abilities that draw in moves.
239,propeller-tail,1,generation-viii,Ignores the effects of opposing Pokémon’s Abilities and moves that draw in moves.,Ignores moves and abilities that draw in moves.
240,mirror-armor,1,generation-viii,Bounces back only the stat-lowering effects that the Pokémon receives.,Reflects any stat-lowering effects.
241,gulp-missile,1,generation-viii,"When the Pokémon uses Surf or Dive, it will come back with prey. When it takes damage, it will spit out the prey to attack.","If a Cramorant with Gulp Missile uses Surf or Dive, it catches prey and changes its form depending on its remaining HP."
242,stalwart,1,generation-viii,Ignores the effects of opposing Pokémon’s Abilities and moves that draw in moves.,Ignores moves and abilities that draw in moves.
243,steam-engine,1,generation-viii,Raises the user's Speed by three stages when it is hit by a Fire- or Water-type attack. The attack still deals damage.,Boosts the Speed stat drastically when the Pokémon is hit by a Fire- or Water-type move.
244,punk-rock,1,generation-viii,Boosts the power of sound-based moves. The Pokémon also takes half the damage from these kinds of moves.,Boosts sound-based moves and halves damage from the same moves.
245,sand-spit,1,generation-viii,The Pokémon creates a sandstorm when it’s hit by an attack.,Creates a sandstorm when hit by an attack.
246,ice-scales,1,generation-viii,"The Pokémon is protected by ice scales, which halve the damage taken from special moves.",Halves damage from Special moves.
247,ripen,1,generation-viii,Ripens Berries and doubles their effect.,Doubles the effect of berries.
248,ice-face,1,generation-viii,"When an Eiscue that's in its Ice Face form is hit by a physical move, it takes no damage and changes into its Noice Face form. If a hailstorm or snowstorm begins while Eiscue is in its Noice Face form, or if it is sent out in its Noice Face form during hail, it will immediately revert to its Ice Face form.","The Pokémon’s ice head can take a physical attack as a substitute, but the attack also changes the Pokémon’s appearance. The ice will be restored when it snows."
249,power-spot,1,generation-viii," ""The power of moves used by the allies of the Pokémon with Power Spot is increased by 30%.""",Just being next to the Pokémon powers up moves.
250,mimicry,1,generation-viii,Changes the Pokémon’s type depending on the terrain.,Changes type depending on the terrain.
251,screen-cleaner,1,generation-viii,"When the Pokémon enters a battle, the effects of Light Screen, Reflect, and Aurora Veil are nullified for both opposing and ally Pokémon.","Nullifies effects of Light Screen, Reflect, and Aurora Veil."
252,steely-spirit,1,generation-viii,Powers up the Steel-type moves of the Pokémon and its allies.,Powers up ally Pokémon's Steel-type moves.
253,perish-body,1,generation-viii,"When the Pokémon with Perish Body is hit with a contact move, both the attacker and the Pokémon with Perish Body will faint in three turns.","When hit by a move that makes direct contact, the Pokémon and the attacker will faint after three turns unless they switch out of battle."
254,wandering-spirit,1,generation-viii,The Pokémon exchanges Abilities with a Pokémon that hits it with a move that makes direct contact.,Swaps abilities with opponents on contact.
255,gorilla-tactics,1,generation-viii,Boosts the Pokémon’s Attack stat but only allows the use of the first selected move.,Boosts the Pokémon's Attack stat but only allows the use of the first selected move.
256,neutralizing-gas,1,generation-viii,"While the Pokémon is in the battle, the effects of all other Pokémon’s Abilities will be nullified or will not be triggered.",Neutralizes abilities of all Pokémon in battle.
257,pastel-veil,1,generation-viii,Prevents the Pokémon and its teammates from being poisoned. It also cures teammates of poisoning when it enters the battlefield.,Prevents the Pokémon and its allies from being poisoned.
258,hunger-switch,1,generation-viii,"The Pokémon changes its form, alternating between its Full Belly Mode and Hangry Mode after the end of every turn.","Causes Morpeko to change its form each turn, alternating between Full Belly Mode and Hangry Mode"
259,quick-draw,1,generation-viii,"If a Pokémon with this Ability selects a damaging move, it has a 30% chance of going first in its priority bracket.",Enables the Pokémon to move first occasionally.
260,unseen-fist,1,generation-viii,"If the Pokémon uses moves that make direct contact, it can attack the target even if the target protects itself.",Contact moves can strike through Protect/Detect.
261,curious-medicine,1,generation-viii,"When the Pokémon enters a battle, it scatters medicine from its shell, which removes all stat changes from allies.",Resets all stat changes upon entering battlefield.
262,transistor,1,generation-viii,Increases the power of Electric-type moves used by this Pokémon by 50%.,Powers up Electric-type moves.
263,dragons-maw,1,generation-viii,Increases the power of Dragon-type moves used by this Pokémon by 50%.,Powers up Dragon-type moves.
264,chilling-neigh,1,generation-viii,"When the Pokémon knocks out a target, it utters a chilling neigh, which boosts its Attack stat.",Boosts Attack after knocking out a Pokémon.
265,grim-neigh,1,generation-viii,"When the Pokémon knocks out a target, it utters a terrifying neigh, which boosts its Sp. Atk stat.",Boosts Special Attack after knocking out a Pokémon.
268,lingering-aroma,1,generation-ix,Contact with the Pokémon changes the attacker’s Ability to Lingering Aroma.,Contact changes the attacker's Ability to Lingering Aroma.
269,seed-sower,1,generation-ix,Turns the ground into Grassy Terrain when the Pokémon is hit by an attack.,Turns the ground into Grassy Terrain when the Pokémon is hit by an attack.
270,thermal-exchange,1,generation-ix,Boosts the Attack stat when the Pokémon is hit by a Fire-type move. The Pokémon also cannot be burned.,Raises Attack when hit by a Fire-type move. Cannot be burned.
271,anger-shell,1,generation-ix,"When an attack causes its HP to drop to half or less, the Pokémon gets angry. This lowers its Defense and Sp. Def stats but boosts its Attack, Sp. Atk, and Speed stats.","When the Pokémon's HP drops below half, Anger Shell lowers its Defense and Special Defense but its Attack, Special Attack and Speed are raised."
272,purifying-salt,1,generation-ix,The Pokémon’s pure salt protects it from status conditions and halves the damage taken from Ghost-type moves.,Protects from status conditions and halves damage from Ghost-type moves.
273,well-baked-body,1,generation-ix,"The Pokémon takes no damage when hit by Fire-type moves. Instead, its Defense stat is sharply boosted.","Immune to Fire-type moves, and Defense is sharply boosted."
274,wind-rider,1,generation-ix,Boosts the Pokémon’s Attack stat if Tailwind takes effect or if the Pokémon is hit by a wind move. The Pokémon also takes no damage from wind moves.,"Gives immunity to wind moves, and causes the Pokémon's Attack to increase by one stage when hit by one."
275,guard-dog,1,generation-ix,Boosts the Pokémon’s Attack stat if intimidated. Moves and items that would force the Pokémon to switch out also fail to work.,"Boosts Attack if intimidated, and prevents being forced to switch out."
276,rocky-payload,1,generation-ix,Increases the power of Rock-type moves used by this Pokémon by 50%.,Powers up Rock-type moves.
277,wind-power,1,generation-ix,"The Pokémon becomes charged when it is hit by a wind move, boosting the power of the next Electric-type move the Pokémon uses.","When hit by a wind move, the power of the next Electric-type move it uses is doubled."
278,zero-to-hero,1,generation-ix,The Pokémon transforms into its Hero Form when it switches out.,Transforms into its Hero Form when switching out.
279,commander,1,generation-ix,"When the Pokémon enters a battle, it goes inside the mouth of an ally Dondozo if one is on the field. The Pokémon then issues commands from there.",Goes inside the mouth of an ally Dondozo if one is on the field.
280,electromorphosis,1,generation-ix,"The Pokémon becomes charged when it takes damage, boosting the power of the next Electric-type move the Pokémon uses.","When hit by an attack, the power of the next Electric-type move it uses is doubled."
281,protosynthesis,1,generation-ix,Boosts the Pokémon’s most proficient stat in harsh sunlight or if the Pokémon is holding Booster Energy.,"Raises highest stat in harsh sunlight, or if holding Booster Energy."
282,quark-drive,1,generation-ix,Boosts the Pokémon’s most proficient stat on Electric Terrain or if the Pokémon is holding Booster Energy.,"Raises highest stat on Electric Terrain, or if holding Booster Energy."
283,good-as-gold,1,generation-ix,"A body of pure, solid gold gives the Pokémon full immunity to other Pokémon’s status moves.",Gives immunity to status moves.
284,vessel-of-ruin,1,generation-ix,The power of the Pokémon’s ruinous vessel lowers the Sp. Atk stats of all Pokémon except itself.,Lowers Special Attack of all Pokémon except itself.
285,sword-of-ruin,1,generation-ix,The power of the Pokémon’s ruinous sword lowers the Defense stats of all Pokémon except itself.,Lowers Defense of all Pokémon except itself.
286,tablets-of-ruin,1,generation-ix,The power of the Pokémon’s ruinous wooden tablets lowers the Attack stats of all Pokémon except itself.,Lowers Attack of all Pokémon except itself.
287,beads-of-ruin,1,generation-ix,The power of the Pokémon’s ruinous beads lowers the Sp. Def stats of all Pokémon except itself.,Lowers Special Defense of all Pokémon except itself.
288,orichalcum-pulse,1,generation-ix,Turns the sunlight harsh when the Pokémon enters a battle. The ancient pulse thrumming through the Pokémon also boosts its Attack stat in harsh sunlight.,"Turns the sunlight harsh when entering battle, and boosts Attack while active."
289,hadron-engine,1,generation-ix,Turns the ground into Electric Terrain when the Pokémon enters a battle. The futuristic engine within the Pokémon also boosts its Sp. Atk stat on Electric Terrain.,"Creates an Electric Terrain when entering battle, and boosts Special Attack while active."
290,opportunist,1,generation-ix,"If an opponent’s stat is boosted, the Pokémon seizes the opportunity to boost the same stat for itself.",Copies stat boosts by the opponent.
291,cud-chew,1,generation-ix,"When the Pokémon eats a Berry, it will regurgitate that Berry at the end of the next turn and eat it one more time.",Causes the Pokémon to reuse an already consumed Berry at the end of the next turn.
292,sharpness,1,generation-ix,Increases the power of all 'slicing' moves by 50%.,Powers up slicing moves.
293,supreme-overlord,1,generation-ix,"When the Pokémon enters a battle, its Attack and Sp. Atk stats are slightly boosted for each of the allies in its party that have already been defeated.",Attack and Special Attack are boosted for each party Pokémon that has been defeated.
294,costar,1,generation-ix,"When the Pokémon enters a battle, it copies an ally’s stat changes.",Copies ally's stat changes on entering battle.
295,toxic-debris,1,generation-ix,Scatters poison spikes at the feet of the opposing team when the Pokémon takes damage from physical moves.,Scatters poison spikes at the feet of the opposing team when the Pokémon takes damage from physical moves.
296,armor-tail,1,generation-ix,The mysterious tail covering the Pokémon’s head makes opponents unable to use priority moves against the Pokémon or its allies.,"Prevents the opponent from using any moves that have priority, such as Quick Attack."
297,earth-eater,1,generation-ix,"If hit by a Ground-type move, the Pokémon has its HP restored instead of taking damage.",Restores HP when hit by a Ground-type move.
298,mycelium-might,1,generation-ix,"The Pokémon will always act more slowly when using status moves, but these moves will be unimpeded by the Ability of the target.","Status moves go last, but are not affected by the opponent's ability."
299,minds-eye,1,generation-ix,Mind's Eye enables the Pokémon with this Ability to hit Ghost-type Pokémon with damage-dealing Normal- and Fighting-type moves. It also prevents other Pokémon from lowering the Pokémon's accuracy and ignores changes to the opponents' evasion.,"The Pokémon ignores changes to opponents' evasiveness, its accuracy can't be lowered, and it can hit Ghost types with Normal- and Fighting-type moves."
300,supersweet-syrup,1,generation-ix,"A sickly sweet scent spreads across the field the first time the Pokémon enters a battle, lowering the evasiveness of opposing Pokémon.","Once per battle, when a Pokémon with Supersweet Syrup enters the battle, it lowers the evasion stat of all adjacent opponents by one stage. "
301,hospitality,1,generation-ix,"When the Pokémon enters a battle, it showers its ally with hospitality, restoring a small amount of the ally's HP.","When a Pokémon with Hospitality enters a battle, it restores HP for an ally by 25%."
302,toxic-chain,1,generation-ix,The power of the Pokémon's toxic chain may badly poison any target the Pokémon hits with a move.,May cause bad poisoning when the Pokémon hits an opponent with a move.
303,embody-aspect,1,generation-ix,"Embody Aspect boosts a particular stat, depending on the form of a Terastallized Ogerpon","Embody Aspect boosts a particular stat, depending on the form of a Terastallized Ogerpon"
304,tera-shift,1,generation-ix,"When the Pokémon enters a battle, it absorbs the energy around itself and transforms into its Terastal Form.","When Terapagos enters the battle, it turns into its Terastal Form until the end of the battle. "
305,tera-shell,1,generation-ix,The Pokémon’s shell contains the powers of each type. All damage-dealing moves that hit the Pokémon when its HP is full will not be very effective.,All damage-dealing moves that hit the Pokémon when its HP is full will not be very effective.
306,teraform-zero,1,generation-ix,"When Terapagos changes into its Stellar Form, it uses its hidden powers to eliminate all effects of weather and terrain, reducing them to zero.","As soon as Terapagos assumes its Stellar Form, it will immediately neutralize weather and terrain effects. "
307,poison-puppeteer,1,generation-ix,"When a Pokémon is poisoned by any of Pecharunt's moves, it will also become confused.",Pokémon poisoned by Pecharunt's moves will also become confused.
